title,price,rating,reviews,scraped_at
"Dell 15, 13th Gen Intel Core i5-1334U (16GB DDR4, 512GB SSD) Anti-Glare FHD 15.6""/39.62cm, Windows 11, Microsoft Office Home 2024, Grey, 1.66kg, [Vostro 3530], 12 Month McAfee, Thin & Light Laptop",59990.0,3.8,,2026-05-15 10:54:58.651096
"Dell G Series, 13th Gen Intel Core i5-13450HX, NVIDIA RTX 3050-6GB, 16GB DDR5, 512GB SSD, FHD, 15.6""/39.62cm, Windows 11, Microsoft Office Home 2024, 2.65KG, G15-5530, Backlit Keyboard, Gaming Laptop",75990.0,4.0,,2026-05-15 10:54:58.659392
"Acer Aspire One, Intel Core Celeron N4500, Office 2024 + M365 Basic, 12GB LPDDR4X RAM/ 256GB SSD, 14.0""/35.56cm TN HD Display, Win 11 Home, Pure Silver, 1.3KG, A114-45, Thin and Light Laptop",33990.0,3.5,,2026-05-15 10:54:58.661080
"acer SmartChoice Aspire Lite, AMD Ryzen 5-5625U Processor, 16 GB/512 GB, Full HD, 15.6""/39.62 cm, Windows 11 Home, Steel Gray, 1.59 kg, AL15-41, Metal Body, Thin and Light Laptop",43990.0,4.0,,2026-05-15 10:54:58.662857
"HP Professional 14 (2026), Intel (i5 14th Gen) Core 5 120U - (12 GB/512 GB SSD/Intel Graphic/Windows 11 Pro) Business Laptop/14.0"" FHD/Backlit + Fingerprint/Silver/Copilot Key/1.4kg/MS Office",60999.0,,,2026-05-15 10:54:58.665169
"EBook 11.6"" HD Laptop | Best Student & Office Work Laptop | Celeron N4020 | 4GB DDR4 | 128GB eMMC + M.2 SSD Expandable Slot | Win 11 Home |31Wh Battery | UHD Graphics 600 | Black",10990.0,3.1,,2026-05-15 10:54:58.672393
"ASUS Vivobook 15, Intel Core i3 13th Gen 1315U, 12GB RAM, 512GB SSD, FHD 15.6"", Windows 11, Office Home 2024, Cool Silver, 1.7Kg, X1504VA-BQ331WS, Intel UHD iGPU, Thin & Light, 42Whrs Laptop",45990.0,4.2,,2026-05-15 10:54:58.674847
"HP 15, 13th Gen Intel Core i3-1315U Laptop (8GB DDR4,512GB SSD) Anti-Glare, Micro-Edge,15.6''/39.6cm, FHD, Win11,M365 Basic(1yr),Office Home24, Silver,1.59kg, FHD Camera w/Privacy Shutter, fd0569TU",46990.0,4.2,,2026-05-15 10:54:58.677011
"Dell 15 AI Powered Laptop, Intel Core Ultra 5 225H, 8GB DDR5 RAM, 512GB SSD, 15.6"" FHD Anti-Glare Display, Intel Arc Graphics, Backlit Keyboard, Dedicated Copilot Key, Silver, Win11 Home + MSO H&S'24",72290.0,,,2026-05-15 10:54:58.677011
"ASUS Vivobook 15, Smartchoice, AMD Ryzen 7 5825U, 16GB RAM, 512GB SSD, FHD 15.6"", Windows 11, Office Home 2024, Quiet Blue, 1.7Kg, M1502YA-BQ703WS, AMD Radeon iGPU, M365 Basic (1Year)*, 42Whr Laptop",49990.0,4.0,,2026-05-15 10:54:58.678411
"HP OmniBook 5 OLED (Previously Pavilion), Snapdragon X Processor (16GB LPDDR5x, 1TB SSD) 2K, 14''/35.6cm, Win11, M365 Basic(1yr)* Office24, Silver, 1.35kg, he0015QU, Light-Weight, Next-Gen AI Laptop",69990.0,4.2,,2026-05-15 10:54:58.679969
"Lenovo Yoga Slim 7, Intel Core Ultra 5 125H, 16GB RAM, 512GB SSD, AI PC, WUXGA-OLED, 14""/35.5cm, Windows 11, Microsoft 365 Basic + Office 2024, Grey, 1.39Kg, 83CV00DFIN, AI Powered Laptop",77990.0,4.2,,2026-05-15 10:54:58.681991
"HP 15 (2026), AMD Athlon Dual Core 7120U - (8 GB DDR5/512 GB SSD/AMD Radeon 610M Graphics/DOS) Thin and Light Business Laptop/15.6"" HD Display/Turbo Silver/Copilot Key/1.5kg",39500.0,1.7,,2026-05-15 10:54:58.684998
"Lenovo Ideapad Slim 3 AMD Ryzen 5 7520U 15.6"" (39.6cm) FHD Thin and Light Laptop (16GB/512GB SSD/Windows 11/Microsoft 365 Basic + Office Home 2024/Backlit Keyboard/Grey/1.6Kg), 82XQ00XDIN",50750.0,4.2,,2026-05-15 10:54:58.686554
"HP 255R G10 Notebook (AMD Athlon Silver 7120U /8GB/512GB/DOS) 15.6-inch(39.6cm), Anti-Glare, HD Laptop, Radeon Graphics, Silver,1.52kg",40709.0,,,2026-05-15 10:54:58.688564
"HP 15, AMD Ryzen 7 7735HS (16GB DDR5,512GB SSD) FHD, Anti-Glare, Micro-Edge, 15.6''/39.6cm, Win11, M365 Basic(1yr)* Office24, Silver, 1.59kg, fc1038AU, AMD Radeon FHD Camera w/Shutter, Backlit Laptop",59990.0,3.9,,2026-05-15 10:54:58.690081
"Lenovo V14 Intel Core i3 13th Gen 14"" FHD (1920x1080) Antiglare 250 Nits Thin and Light Laptop (16GB RAM/512GB SSD/Windows 11 Home/Office Home 2024/Iron Grey/1.43 kg), 83A0A0PCIN",49990.0,5.0,,2026-05-15 10:54:58.691641
"Lenovo IdeaPad 1 AMD Ryzen 5 5500U 15.6"" HD Thin and Light Laptop (8GB RAM/512GB SSD/Windows 11 Home/Office Home 2024/1 Year ADP Free/Grey/1.6Kg), 82R4011MIN",44400.0,4.1,,2026-05-15 10:54:58.691641
"Dell 15 (Previously Inspiron) Laptop, 14th Gen Intel Core i3/Core 3 100U Processor, 8GB DDR4, 512 SSD, 15.6"" FHD 120Hz IPS 250 nit Display, Win 11 + Office H&S 2024, Carbon Black, Thin & Light 1.63Kg",45490.0,4.1,,2026-05-15 10:54:58.695030
"ASUS Chromebook CX1405 (2026), Intel N50 Processor, Intel UHD iGPU, 8GB RAM, 128GB SSD, FHD, 14"" (35.5 cm), Chrome OS, Pure Grey, 1.39 Kg, CX1405CTA-S60622, 42WHrs, Thin & Light Laptop",27990.0,2.7,,2026-05-15 10:54:58.695030
"Lenovo Ideapad Slim 3 AMD Ryzen 5 7520U 15.6"" (39.6cm) FHD Thin and Light Laptop (16GB/512GB SSD/Windows 11/Microsoft 365 Basic + Office Home 2024/Backlit Keyboard/Grey/1.6Kg), 82XQ00XDIN",50750.0,4.2,,2026-05-15 10:54:58.696093
"Dell 15, AMD Ryzen 7-7730U, 16GB DDR4, 512GB SSD, FHD, 15.6""/39.6cm, Windows 11, Microsoft Office Home 2024, Platinum Silver, 1.63Kg, [Dell 15], 120Hz 250nits, AMD Radeon Graphics,Thin & Light, Laptop",58490.0,3.5,,2026-05-15 10:54:58.700036
